gill-size_n,0.099547760479350586
odor_f,0.056458772306229879
gill-size_b,0.054313352251927516
stalk-surface-above-ring_s,0.050999714405958338
stalk-surface-below-ring_k,0.050132121073911982
bruises_f,0.043466390867292141
bruises_t,0.043466368693046299
ring-type_p,0.041654010326147392
odor_n,0.040378938234161429
gill-color_b,0.036625504756483664
gill-spacing_c,0.032950491950576574
stalk-root_e,0.027391592841872713
stalk-surface-above-ring_k,0.025885817741469641
stalk-shape_e,0.025588132599750856
stalk-surface-below-ring_s,0.023684863057704418
gill-spacing_w,0.018043058203620461
spore-print-color_n,0.017677206518123614
spore-print-color_w,0.016809041032189043
habitat_p,0.01669812612933879
spore-print-color_k,0.016683260658722613
habitat_g,0.016022177548129683
stalk-color-below-ring_w,0.015681679806824972
habitat_d,0.015595017398326352
odor_c,0.014366899405168812
cap-surface_s,0.014140228987458755
stalk-root_b,0.012165765108924673
population_s,0.011204815789958411
stalk-color-above-ring_w,0.0096838835367841491
stalk-shape_t,0.0089332836747776801
population_v,0.0088727259382296829
habitat_u,0.0079966899876857209
ring-number_t,0.0076828093652781104
stalk-surface-below-ring_f,0.0074337473616712365
spore-print-color_h,0.0059892313555373151
stalk-color-above-ring_p,0.0059225728219106178
population_n,0.0058854811381535846
odor_a,0.0057282114324657919
veil-color_w,0.005561837487085987
odor_y,0.0051020382664675682
stalk-root_?,0.0050010221271995659
ring-type_e,0.0049448007576461811
stalk-color-above-ring_n,0.0049323928041873971
spore-print-color_r,0.0046598328246313225
odor_l,0.0046515561999682428
ring-number_o,0.0038564236612036638
cap-surface_f,0.0035744622297852226
gill-color_w,0.0032960774921567066
cap-color_p,0.0032714537281123592
stalk-root_c,0.0027928034565656069
odor_p,0.0027875806168231225
gill-attachment_a,0.002766826015714994
stalk-surface-above-ring_f,0.002416589232448516
habitat_m,0.0022316229103113107
habitat_l,0.0021667697758686465
stalk-color-below-ring_n,0.002120304741367058
ring-type_f,0.002096616046826376
population_y,0.0020447561740926084
cap-color_e,0.0017013579354228209
gill-color_n,0.0016481677794547983
ring-type_n,0.0016061730917146754
stalk-surface-below-ring_y,0.001589145981347457
gill-color_r,0.0015309522403497595
cap-color_y,0.0011301123447166102
cap-color_b,0.0010275681800507586
cap-color_g,0.00083525562757598144
population_c,0.00080721590600069603
cap-color_u,0.00079354315852161561
stalk-color-below-ring_g,0.00058698766129237413
cap-color_r,0.00057063777691442063
stalk-color-above-ring_y,0.00046184351398133631
cap-color_n,0.0004307451233394456
cap-shape_f,0.000408668332444092
veil-color_y,0.00039670158147403159
cap-color_w,0.00031060939229799064
odor_m,0.00025864699079317143
stalk-color-above-ring_o,0.00025455377676972268
gill-color_k,0.00021608276793326058
cap-surface_y,0.00019920994253706776
cap-shape_b,0.00017831146571780862
gill-color_g,0.00017114233413757123
cap-shape_x,0.00015055024370095005
stalk-color-below-ring_p,0.00014281312122701035
stalk-surface-above-ring_y,0.00013326240395571896
stalk-color-above-ring_g,0.00012400953941028753
gill-color_e,0.00011703222258030776
veil-color_n,5.6191023768867514e-05
cap-shape_k,5.0668469542786295e-05
cap-color_c,4.8765049433588019e-05
gill-color_h,2.1004804310679861e-05
gill-color_p,6.5588836563921932e-06
bruises_nan,0.0
cap-color_nan,0.0
cap-shape_c,0.0
cap-shape_s,0.0
cap-shape_nan,0.0
cap-surface_g,0.0
cap-surface_nan,0.0
gill-attachment_f,0.0
gill-attachment_nan,0.0
gill-color_o,0.0
gill-color_u,0.0
gill-color_y,0.0
gill-color_nan,0.0
gill-size_nan,0.0
gill-spacing_nan,0.0
habitat_w,0.0
habitat_nan,0.0
odor_s,0.0
odor_nan,0.0
population_a,0.0
population_nan,0.0
ring-number_n,0.0
ring-number_nan,0.0
ring-type_l,0.0
ring-type_nan,0.0
spore-print-color_b,0.0
spore-print-color_o,0.0
spore-print-color_u,0.0
spore-print-color_y,0.0
spore-print-color_nan,0.0
stalk-color-above-ring_b,0.0
stalk-color-above-ring_c,0.0
stalk-color-above-ring_e,0.0
stalk-color-above-ring_nan,0.0
stalk-color-below-ring_b,0.0
stalk-color-below-ring_c,0.0
stalk-color-below-ring_e,0.0
stalk-color-below-ring_o,0.0
stalk-color-below-ring_y,0.0
stalk-color-below-ring_nan,0.0
stalk-root_r,0.0
stalk-root_nan,0.0
stalk-shape_nan,0.0
stalk-surface-above-ring_nan,0.0
stalk-surface-below-ring_nan,0.0
veil-color_o,0.0
veil-color_nan,0.0
veil-type_p,0.0
veil-type_nan,0.0
